œÓ‰ÛÍÚ,"¡ÂÎ, „","∆Ë, „","”„Î, „"," ‡Î, ÍÍ‡Î",
–ë–∞—Ä–µ–Ω—Ü–µ–≤ –ê–Ω—á–æ—É—Å —Å–æ–ª—ë–Ω–æ-—Å—É—à—ë–Ω—ã–π,"
49.0 ","
7.0 ","
0.0 ","
259 "
–ë–∞—Ä–µ–Ω—Ü–µ–≤ –ö–∞–ª—å–º–∞—Ä –∫–æ–ª—å—Ü–∞,"
53.0 ","
2.0 ","
3.0 ","
242 "
–ë–∞—Ä–µ–Ω—Ü–µ–≤ –ö–∞–ª—å–º–∞—Ä –∫–æ–ø—á—ë–Ω—ã–π,"
53.0 ","
2.0 ","
3.0 ","
242 "
–ë–∞—Ä–µ–Ω—Ü–µ–≤ –ö–∞–ª—å–º–∞—Ä —Å–æ–ª—ë–Ω–æ-—Å—É—à—ë–Ω—ã–π,"
62.0 ","
2.0 ","
5.0 ","
286 "
–ë–∞—Ä–µ–Ω—Ü–µ–≤ –ö—Ä–µ–≤–µ—Ç–∫–∞ —Å–æ —Å–ø–µ—Ü–∏—è–º–∏,"
36.0 ","
4.0 ","
3.0 ","
192 "
–ë–∞—Ä–µ–Ω—Ü–µ–≤ –û–∫–∏–Ω—ç–ª—å –ª–æ–º—Ç–∏–∫–∏ —Ñ–∏–ª–µ,"
50.7 ","
8.6 ","
0.0 ","
280 "
–ë–∞—Ä–µ–Ω—Ü–µ–≤ –û–∫–∏–Ω—ç–ª—å —Å –ø–µ—Ä—Ü–µ–º,"
50.7 ","
8.6 ","
0.0 ","
280 "
–ë–∞—Ä–µ–Ω—Ü–µ–≤ –°–æ–ª–æ–º–∫–∞ —Ä—ã–±–Ω–∞—è –æ—Ä–∏–≥–∏–Ω–∞–ª—å–Ω–∞—è,"
46.0 ","
3.0 ","
5.0 ","
231 "
–ë–∞—Ä–µ–Ω—Ü–µ–≤ –°–æ–ª–æ–º–∫–∞ —Ä—ã–±–Ω–∞—è –ø–æ–¥–∫–æ–ø—á–µ–Ω–Ω–∞—è,"
46.0 ","
3.0 ","
5.0 ","
231 "
–ë–∞—Ä–µ–Ω—Ü–µ–≤ –°–æ–º—É–ª—å —Å–æ–ª—ë–Ω–æ-—Å—É—à—ë–Ω—ã–π,"
65.8 ","
1.2 ","
0.0 ","
274 "
–ë–∞—Ä–µ–Ω—Ü–µ–≤ –°—Ç–∞–≤—Ä–∏–¥–∫–∞ –∑–æ–ª–æ—Ç–∏—Å—Ç–∞—è –ø–æ–¥–∫–æ–ø—á–µ–Ω–Ω–∞—è,"
48.0 ","
8.0 ","
0.0 ","
264 "
–ë–∞—Ä–µ–Ω—Ü–µ–≤ –°—Ç–∞–≤—Ä–∏–¥–∫–∞ —Å–µ—Ä–µ–±—Ä–∏—Å—Ç–∞—è —Å–æ–ª—ë–Ω–æ-—Å—É—à—ë–Ω–∞—è,"
48.0 ","
8.0 ","
0.0 ","
264 "
–ë–∞—Ä–µ–Ω—Ü–µ–≤ –¢—É–Ω–µ—Ü —Å–æ–ª—ë–Ω–æ-—Å—É—à—ë–Ω—ã–π,"
57.8 ","
0.3 ","
0.0 ","
234 "
–ë–∞—Ä–µ–Ω—Ü–µ–≤ –ß–∏–∫—Å—ã —Ä—ã–±–∫–∞ —Å –ø–µ—Ä—Ü–µ–º,"
50.7 ","
8.6 ","
0.0 ","
280 "
–ü–æ–ø–∫–æ—Ä–Ω –∫–∞—Ä–∞–º–µ–ª—å–Ω—ã–π,"
5.3 ","
8.7 ","
76.1 ","
401 "
–ü–æ–ø–∫–æ—Ä–Ω —Å–æ–ª—ë–Ω—ã–π,"
7.3 ","
13.5 ","
62.7 ","
407 "
–ü–æ–ø–∫–æ—Ä–Ω —Å—ã—Ä–Ω—ã–π,"
5.8 ","
30.8 ","
50.1 ","
506 "
–°–∏–ª—å–≤–µ—Ä –ê–Ω—á–æ—É—Å —Å–æ–ª—ë–Ω–æ-—Å—É—à–µ–Ω—ã–π,"
57.4 ","
3.1 ","
0.1 ","
258 "
–°–∏–ª—å–≤–µ—Ä –ñ—ë–ª—Ç–∞—è —Ä—ã–±–∫–∞,"
40.0 ","
16.9 ","
1.0 ","
336 "
–°–∏–ª—å–≤–µ—Ä –ñ—ë–ª—Ç—ã–π –ø–æ–ª–æ—Å–∞—Ç–∏–∫,"
52.4 ","
5.8 ","
3.3 ","
262 "
–°–∏–ª—å–≤–µ—Ä –ö–∞–ª—å–º–∞—Ä –∫–æ–ø—á—ë–Ω—ã–π,"
58.0 ","
1.0 ","
3.0 ","
263 "
–°–∏–ª—å–≤–µ—Ä –ö–∞–ª—å–º–∞—Ä —Å—É—à—ë–Ω—ã–π,"
58.0 ","
1.0 ","
3.0 ","
263 "
–°–∏–ª—å–≤–µ—Ä –ö–∞–º–±–∞–ª–∞,"
57.9 ","
2.0 ","
3.0 ","
275 "
–°–∏–ª—å–≤–µ—Ä –ö–æ–ª—å—Ü–∞ –∫–∞–ª—å–º–∞—Ä–∞,"
45.0 ","
1.0 ","
13.0 ","
241 "
–°–∏–ª—å–≤–µ—Ä –ö–æ–ª—å—Ü–∞ –∫–∞–ª—å–º–∞—Ä–∞ –∫–æ–ø—á—ë–Ω—ã–µ,"
45.0 ","
1.0 ","
13.0 ","
241 "
–°–∏–ª—å–≤–µ—Ä –ö—Ä–µ–≤–µ—Ç–∫–∞ –≥—Ä–∏–ª—å,"
42.0 ","
0.5 ","
2.0 ","
150 "
–°–∏–ª—å–≤–µ—Ä –ú–æ—Ä—Å–∫–æ–π —è–∑—ã–∫,"
40.0 ","
16.9 ","
3.0 ","
336 "
–°–∏–ª—å–≤–µ—Ä –û—Å—å–º–∏–Ω–æ–≥ —Å—É—à—ë–Ω—ã–π,"
31.0 ","
0.5 ","
2.0 ","
95 "
–°–∏–ª—å–≤–µ—Ä –°—Ç–∞–≤—Ä–∏–¥–∫–∞,"
52.4 ","
5.8 ","
3.3 ","
262 "
–°–∏–ª—å–≤–µ—Ä –¢—É–Ω–µ—Ü —Å–µ—Ä–µ–±—Ä–∏—Å—Ç—ã–π,"
46.3 ","
8.8 ","
0.0 ","
200 "
–°–∏–ª—å–≤–µ—Ä –£–≥–æ—Ä—å,"
57.9 ","
2.0 ","
3.0 ","
275 "
–°–∏–ª—å–≤–µ—Ä –Ø–Ω—Ç–∞–π–Ω–∞—è —Ä—ã–±–∫–∞,"
40.0 ","
16.9 ","
1.0 ","
336 "
–°–Ω–µ–∫–∏ Cheetos –∫—É–∫—É—Ä—É–∑–Ω—ã–µ –•–æ—Ç –î–æ–≥,"
5.5 ","
16.0 ","
6.9 ","
490 "
–°–æ–ª–æ–º–∫–∞ –∫–∞—Ä—Ç–æ—Ñ–µ–ª—å–Ω–∞—è –ë—É–ª—å–±–∞ Sticks –ö–µ—Ç—á—É–ø,"
5.8 ","
30.0 ","
52.0 ","
510 "
–°–æ–ª–æ–º–∫–∞ –∫–∞—Ä—Ç–æ—Ñ–µ–ª—å–Ω–∞—è –ë—É–ª—å–±–∞ Sticks –°–º–µ—Ç–∞–Ω–∞ –∏ –ª—É–∫,"
6.3 ","
30.0 ","
51.0 ","
510 "
–°–æ–ª–æ–º–∫–∞ —Ä—ã–±–Ω–∞—è,"
46.0 ","
3.0 ","
5.0 ","
231 "
–°–æ–ª–æ–º–∫–∞ —Å–ª–∞–¥–∫–∞—è,"
9.1 ","
6.1 ","
69.3 ","
372 "
–°–æ–ª–æ–º–∫–∞ —Å–æ–ª—ë–Ω–∞—è,"
9.4 ","
4.5 ","
67.0 ","
347 "
–°—É—Ö–∞—Ä–∏–∫–∏ –•—Ä—É—Åteam –ë–∞–≥–µ—Ç —Å—ã—Ä–Ω–æ–µ –∞—Å—Å–æ—Ä—Ç–∏,"
10.5 ","
15.7 ","
66.0 ","
445 "
–°—É—Ö–∞—Ä–∏–∫–∏ –•—Ä—É—Åteam –∫–æ–ø—á—ë–Ω–∞—è –∫–æ–ª–±–∞—Å–∫–∞,"
9.1 ","
14.4 ","
64.0 ","
423 "
–°—É—Ö–∞—Ä–∏–∫–∏ –•—Ä—É—Åteam –ª–µ—Å–Ω—ã–µ –≥—Ä–∏–±—ã,"
9.0 ","
14.3 ","
66.0 ","
428 "
–°—É—Ö–∞—Ä–∏–∫–∏ –•—Ä—É—Åteam —Å–∞–ª—è–º–∏,"
8.5 ","
12.0 ","
69.0 ","
425 "
–°—É—Ö–∞—Ä–∏–∫–∏ –•—Ä—É—Åteam —Å–º–µ—Ç–∞–Ω–∞,"
9.5 ","
15.0 ","
63.0 ","
426 "
–°—É—Ö–∞—Ä–∏–∫–∏ –•—Ä—É—Åteam —Å—ã—Ä,"
9.1 ","
14.5 ","
65.0 ","
427 "
–°—É—Ö–∞—Ä–∏–∫–∏ –•—Ä—É—Åteam —Ç–µ–ª—è—Ç–∏–Ω–∞ –Ω–∞ –≥—Ä–∏–ª–µ,"
8.8 ","
14.0 ","
65.0 ","
420 "
–°—É—Ö–∞—Ä–∏–∫–∏ –•—Ä—É—Åteam —Ç–æ–º–∞—Ç,"
9.0 ","
14.3 ","
65.0 ","
426 "
–°—ã—Ä—Ü–µ–µ–¥—ã —Å—ã—Ä –∫–æ–ø—á—ë–Ω—ã–π –∫–ª–∞—Å—Å–∏—á–µ—Å–∫–∏–π,"
46.4 ","
24.0 ","
0.0 ","
413 "
–°—ã—Ä—Ü–µ–µ–¥—ã —Å—ã—Ä –∫–æ–ø—á—ë–Ω—ã–π —Å–æ –≤–∫—É—Å–æ–º —Ç–æ–º–∞—Ç–∞,"
46.4 ","
24.0 ","
0.0 ","
413 "
–°—ã—Ä—Ü–µ–µ–¥—ã —Å—ã—Ä –∫–æ–ø—á—ë–Ω—ã–π —Å–æ –≤–∫—É—Å–æ–º —á–µ—Å–Ω–æ–∫–∞ –∏ —É–∫—Ä–æ–ø–∞,"
46.4 ","
24.0 ","
0.0 ","
413 "
–ß–∏–ø—Å—ã Brunchers –ë–µ–∫–æ–Ω,"
6.0 ","
32.0 ","
51.0 ","
520 "
–ß–∏–ø—Å—ã Don Nachos –∫—É–∫—É—Ä—É–∑–Ω—ã–µ –æ—Ä–∏–≥–∏–Ω–∞–ª—å–Ω—ã–µ,"
7.0 ","
25.0 ","
61.0 ","
497 "
–ß–∏–ø—Å—ã Estrella –¥–µ—Ä–µ–≤–µ–Ω—Å–∫–∞—è —Å–º–µ—Ç–∞–Ω–∞ –∏ –ª—É–∫,"
5.2 ","
30.9 ","
53.9 ","
514 "
–ß–∏–ø—Å—ã Estrella –¥—É—à–∏—Å—Ç—ã–π —É–∫—Ä–æ–ø,"
5.2 ","
31.2 ","
53.7 ","
517 "
–ß–∏–ø—Å—ã Estrella –Ω–µ–∂–Ω—ã–π —Å—ã—Ä,"
4.9 ","
31.5 ","
53.8 ","
519 "
–ß–∏–ø—Å—ã Estrella —Å–º–µ—Ç–∞–Ω–∞ –∏ –Ω–µ–∂–Ω—ã–π —Å—ã—Ä,"
4.9 ","
31.4 ","
53.7 ","
518 "
–ß–∏–ø—Å—ã Lays Max —Å–º–µ—Ç–∞–Ω–∞ –∏ –ª—É–∫,"
6.0 ","
30.0 ","
53.0 ","
510 "
–ß–∏–ø—Å—ã Lays Max —Å–º–µ—Ç–∞–Ω–∞ –∏ —Å—ã—Ä,"
6.5 ","
30.0 ","
53.0 ","
510 "
–ß–∏–ø—Å—ã Lays –±–µ–∫–æ–Ω,"
6.5 ","
30.0 ","
53.0 ","
510 "
–ß–∏–ø—Å—ã Lays –±–µ–ª—ã–µ –≥—Ä–∏–±—ã —Å–æ —Å–º–µ—Ç–∞–Ω–æ–π,"
6.0 ","
32.0 ","
51.0 ","
515 "
–ß–∏–ø—Å—ã Lays –∑–µ–ª—ë–Ω—ã–π –ª—É–∫,"
6.5 ","
30.0 ","
53.0 ","
510 "
–ß–∏–ø—Å—ã Lays –ò–∑ –ø–µ—á–∏ –ù–µ–∂–Ω—ã–π —Å—ã—Ä —Å –∑–µ–ª–µ–Ω—å—é,"
5.0 ","
16.0 ","
70.0 ","
445 "
–ß–∏–ø—Å—ã Lays –∫—Ä–∞–±,"
6.5 ","
30.0 ","
53.0 ","
510 "
–ß–∏–ø—Å—ã Lays –∫—Ä–∞—Å–Ω–∞—è –∏–∫—Ä–∞,"
7.0 ","
30.0 ","
53.0 ","
510 "
–ß–∏–ø—Å—ã Lays –º–∞–ª–æ—Å–æ–ª—å–Ω—ã–µ –æ–≥—É—Ä—á–∏–∫–∏ —Å —É–∫—Ä–æ–ø–æ–º,"
6.5 ","
31.0 ","
53.0 ","
520 "
–ß–∏–ø—Å—ã Lays —Å —Å–æ–ª—å—é,"
6.0 ","
31.0 ","
52.0 ","
520 "
–ß–∏–ø—Å—ã Lays —Å–º–µ—Ç–∞–Ω–∞ –∏ –∑–µ–ª–µ–Ω—å,"
6.0 ","
30.0 ","
53.0 ","
510 "
–ß–∏–ø—Å—ã Lays —Å—ã—Ä,"
6.5 ","
30.0 ","
53.0 ","
510 "
–ß–∏–ø—Å—ã Lays —à–∞—à–ª—ã–∫,"
6.0 ","
32.0 ","
51.0 ","
515 "
–ß–∏–ø—Å—ã Pringles –±–∞—Ä–±–µ–∫—é,"
4.9 ","
35.0 ","
48.0 ","
550 "
–ß–∏–ø—Å—ã Pringles –∫–æ–ø—á—ë–Ω—ã–π –±–µ–∫–æ–Ω,"
5.1 ","
34.0 ","
49.0 ","
551 "
–ß–∏–ø—Å—ã Pringles –æ—Ä–∏–≥–∏–Ω–∞–ª—å–Ω—ã–µ,"
4.1 ","
36.0 ","
49.0 ","
540 "
–ß–∏–ø—Å—ã Pringles –ø–∞–ø—Ä–∏–∫–∞,"
3.2 ","
34.0 ","
49.0 ","
529 "
–ß–∏–ø—Å—ã Pringles —Å–º–µ—Ç–∞–Ω–∞ –∏ –ª—É–∫,"
3.9 ","
34.0 ","
50.0 ","
527 "
–ß–∏–ø—Å—ã Pringles —Å—ã—Ä –∏ –ª—É–∫,"
4.1 ","
34.0 ","
50.0 ","
550 "
–ß–∏–ø—Å—ã Pringles —Å—ã—Ä–Ω—ã–π —Å—ã—Ä,"
5.0 ","
35.0 ","
48.0 ","
534 "
–ß–∏–ø—Å—ã Rice Up! —Ü–µ–ª—å–Ω–æ–∑–µ—Ä–Ω–æ–≤—ã–µ –∏–∑ –±—É—Ä–æ–≥–æ —Ä–∏—Å–∞ –ü–µ—Å—Ç–æ,"
7.3 ","
16.0 ","
70.0 ","
459 "
–ß–∏–ø—Å—ã Rice Up! —Ü–µ–ª—å–Ω–æ–∑–µ—Ä–Ω–æ–≤—ã–µ –∏–∑ –±—É—Ä–æ–≥–æ —Ä–∏—Å–∞ –°–º–µ—Ç–∞–Ω–∞ —Å –ª—É–∫–æ–º,"
7.5 ","
19.0 ","
65.0 ","
468 "
–ß–∏–ø—Å—ã Rice Up! —Ü–µ–ª—å–Ω–æ–∑–µ—Ä–Ω–æ–≤—ã–µ –∏–∑ –±—É—Ä–æ–≥–æ —Ä–∏—Å–∞ –°—ã—Ä,"
7.6 ","
14.0 ","
72.0 ","
451 "
–ß–∏–ø—Å—ã Rice Up! —Ü–µ–ª—å–Ω–æ–∑–µ—Ä–Ω–æ–≤—ã–µ –∏–∑ –±—É—Ä–æ–≥–æ —Ä–∏—Å–∞ –•–∞–º–æ–Ω –ò–±–µ—Ä–∏–∫–æ,"
7.2 ","
13.0 ","
73.0 ","
444 "
–ß–∏–ø—Å—ã –±–∞–Ω–∞–Ω–æ–≤—ã–µ,"
2.3 ","
33.6 ","
50.7 ","
519 "
